subtype,Type,BJA5 ,BJI5 ,BJN4 ,BJU2 ,CCA1 ,CCI2 ,CCN1 ,CCU4 ,CDA4 ,CDI2 ,CDN2 ,CDU1 ,CSA2 ,CSI2 ,CSN3 ,CSU3 ,FZA2 ,FZI2 ,FZN1 ,FZU5 ,GYA1 ,GYI1 ,GYN3 ,GYU3 ,GZA3 ,GZI2 ,GZN5 ,GZU4 ,HEBA3 ,HEBI2 ,HEBN3 ,HEBU4 ,HFA5 ,HFI5 ,HFN2 ,HFU5 ,HHHTA3 ,HHHTI1 ,HHHTN5 ,HHHTU2 ,HZA2 ,HZI3 ,HZN4 ,HZU5 ,JNA5 ,JNI4 ,JNN1 ,JNU5 ,KMA2 ,KMI4 ,KMN1 ,KMU1 ,LZA2 ,LZI1 ,LZN5 ,LZU1 ,NJA5 ,NJI4 ,NJN2 ,NJU5 ,NNA4 ,NNI4 ,NNN3 ,NNU2 ,SHA1 ,SHI4 ,SHN4 ,SHU4 ,SJZA4 ,SJZI5 ,SJZN1 ,SJZU1 ,SYA4 ,SYI1 ,SYN4 ,SYU1 ,TJA3 ,TJI2 ,TJN1 ,TJU1 ,TYA1 ,TYI2 ,TYN3 ,TYU5 ,WHA5 ,WHI3 ,WHN5 ,WHU4 ,WLMQA2 ,WLMQI4 ,WLMQN2 ,WLMQU2 ,XAA1 ,XAI3 ,XAN1 ,XAU2 ,XNA3,XNI3 ,XNN1 ,XNU2 ,YCA4 ,YCI2 ,YCN3 ,YCU2 ,ZZA5,ZZI5 ,ZZN4 ,ZZU5 
AAC(3)-IIa,Aminoglycoside,0,0,0,0,0,0,0,6.12E-05,0,0,0,0,0,0,0,0,0,0,0,0,0,0,0,0,0,0,0,0,0,0,0,5.27E-05,0,0,0,0,0,0,0,0,0,0,0,0,0,0,0,0,0,0,0,0,0,0,0,0,0,0,0,0,0,0,0,0,0,0,0,0,0,0,0,0,0,0,0,0,0,0,0,2.91E-05,0,0,0,0,0,0,0,0,0,0,0,0,0,0,0,0,0,0,0,0,0,0,0,0,0,0,2.69E-05,2.75E-05
AAC(3)-IIb,Aminoglycoside,0,0,0,0,0,0,0,0.000163909,0,0,0,3.68E-05,0,0,0,0,0,0,0,5.47E-05,0,4.28E-05,0,3.88E-05,0,0,0,0,0,0,0,8.29E-05,0,0,0,0,0,0,0,0,0,0,0,0,0,0,0,0,9.92E-05,0,0,0,0,0,0,6.55E-05,0,0,0,0,0,0,0,0,0,0,0,0,0,0,0,0,0,4.21E-05,0,0,0,0,0,6.12E-05,0,0,0,0,0,0,0,0,0,3.21E-05,3.37E-05,0,3.87E-05,0,0,0,0,0,0,0,0,0,0,0,0,0,0,8.59E-05
AAC(3)-IIc,Aminoglycoside,0,0,0,0,0,0,0,6.12E-05,0,0,0,0,0,0,0,0,0,0,0,5.09E-05,0,0,0,3.73E-05,3.44E-05,0,0,3.59E-05,0,0,0,5.22E-05,0,0,0,0,0,3.27E-05,0,0,0,0,0,0,0,3.91E-05,0,0.000122108,0.000220687,0,0,3.55E-05,0,0,0,6.63E-05,0,0,0,3.04E-05,3.63E-05,0,0,0,0,0,0,0,0,0,0,0,0,0,0,0,0,0,0,2.79E-05,0,7.61E-05,0,0,6.16E-05,2.43E-05,0,0,0,0,0,0,0,0,0,0,0,0,0,0,0,0,0,0,3.65E-05,0,0,2.69E-05
AAC(3)-IId,Aminoglycoside,0,0,0,5.15E-05,0,0,0,6.12E-05,0,0,0,1.69E-05,0,0,0,0,0,0,0,5.48E-05,0,0,0,0,0,0,0,3.66E-05,0,0,0,0,0,0,0,0,0,3.21E-05,0,0,0,0,0,0,3.33E-05,0,0,0,3.15E-05,0,0,0,0,0,0,0,0,0,0,0,3.63E-05,0,0,0,0,3.72E-05,0,0,0,0,0,0,0,0,0,0,0,0,0,0,2.99E-05,0,0,3.59E-05,0,0,0,0,0,0,0,0,0,0,0,0,0,0,0,0,0,0,0,0,0,0,0,0
AAC(3)-IIe,Aminoglycoside,0,0,0,0,0,0,0,0.000151045,0,0,0,3.46E-05,0,0,0,0,0,0,3.82E-05,0,0,0,0,0,6.74E-05,3.76E-05,0,6.42E-05,0,0,0,5.32E-05,0,0,0,0,0,0,0,0,0,0,0,2.50E-05,0,0.000115028,8.20E-05,3.07E-05,3.15E-05,0,0,0.000142894,0,7.01E-05,0,5.95E-05,0,0,0,0,0,0.000165687,0,0,0,0,0,0,0,0,0,3.76E-05,0,0,0,0,0,0,0,0.000197668,0,0,0,3.66E-05,3.08E-05,0,0,0,0,0,0,0,0,0,0,0,0,0,0,0,0,0,0,0,0,0,0,5.39E-05
AAC(3)-IIg,Aminoglycoside,0,0,0,2.68E-05,0,0,0,3.19E-05,0,0,0,1.84E-05,0,0,0,3.98E-05,0,0,0,0.000170046,0,0,0,3.88E-05,0,0,0,0.000149404,0,0,0,0,0,4.06E-05,0,0,0,0,0,0.000112768,0,0,0,0,0,0,0,3.33E-05,3.28E-05,0,0,7.56E-05,0,0,3.83E-05,0,0,0,0,0,0,0,0,0,0,0,0,0,0,0,0,3.99E-05,0,4.13E-05,0,0,0,3.20E-05,0,0,0,3.96E-05,0,3.58E-05,3.27E-05,5.00E-05,0,0,0,0,0,3.52E-05,0,0,0,0,0,0,0,0,0,0,0,0,0,3.08E-05,0,2.86E-05
AAC(3)-VIa,Aminoglycoside,0,0,0,0,5.94E-05,0,0,0,0,0,0,0,0,0,0,0,0,0,0,0,0,0,0,0,0,0,0,0,0,0,0,0,0,0,0,0,0,0,0,0,0,0,0,0,2.79E-05,0,0,0,3.01E-05,0,0,0,0,0,0,0,0,0,0,0,0,0,0,0,0,0,0,0,6.86E-05,0,0,0,0,0,0,0,0,0,0,0,0,0,0,3.42E-05,2.93E-05,0,0,0,0,0,0,0,0,0,0,0,0,0,0,0,0,0,0,0,0,0,0,0.000102389
AAC(6')-30/AAC(6')-Ib' fusion protein,Aminoglycoside,0,0,0,0,0,0,0,0,0,0,0,7.57E-05,0,0,0,0,0,0,0,0,0,0,0,0,0,0,0,0,0,0,0,0,0,0,0,0,0,0,0,0,0,0,0,0,0,0,0,0,0,0,0,0,0,0,0,0,0,0,0,0,0,0,0,0,0,0,0,0,0,0,0,0,0,0,0,0,0,0,0,0,0,0,0,0,0,0,0,0,0,0,0,0,0,0,0,0,0,0,0,0,0,0,0,0,0,0,0,0
ANT(2'')-Ia,Aminoglycoside,0,0,0,0,0,0,0,0,0,0,0,0,0,0,0,0,0,0,0,3.96E-05,0,0,0,0,0,0,0,0,0,0,0,6.95E-05,0,0,0,0,0,0,0,4.02E-05,0,0,0,0,0,0,0,0,0,0,0,0,0,0,0,0,0,0,0,0,0,0,0,0,0,0,0,0,0,0,0,0,0,0,0,0,0,0,0,0,0,5.50E-05,0,0,0,0,0,0,0,0,0,0,0,0,0,0,0,0,0,0,0,0,0,0,0,0,0,0.000235568
APH(3')-Ia,Aminoglycoside,0.000512846,0,0.000251567,0.000101739,3.44E-05,0,0,6.52E-05,0,0,0.000107821,0.000111752,0.00023101,8.30E-05,0.000121298,0.000167751,0.000210819,8.47E-05,4.41E-05,0.000327679,0.000182765,3.81E-05,0.000110514,0.000248078,7.62E-05,4.25E-05,0,0.000679812,0.000308327,0.000153487,0,0.00043994,6.99E-05,0,0.000351047,0,4.70E-05,0.000108024,9.10E-05,0.00028129,3.94E-05,0.000200249,4.84E-05,0.000113043,7.04E-05,0.000467577,0.000524114,0.000239561,0,0.000137699,0.000143787,0.00011137,0.000155007,7.59E-05,0.00015293,7.35E-05,8.88E-05,0,8.66E-05,0,4.18E-05,0,0,8.42E-05,0,0.000252478,0,0.000174438,7.37E-05,0,0.000372998,3.96E-05,3.56E-05,0.0002137,0.000105769,6.50E-05,0,0.000225849,3.81E-05,0,0.000191902,8.15E-05,0,0,0.000136277,0.000125921,0.000584119,8.76E-05,0.000206282,0,0,0.000582374,3.76E-05,0,8.59E-05,0.000256095,0,0,0.000122263,0,0,0,0,0,7.98E-05,0,6.02E-05,0.000333594
APH(3')-Ib,Aminoglycoside,0,0,4.31E-05,0,0,0,0,0.000101409,0,0,0,0,2.28E-05,0,0,0,0,0,0,2.89E-05,0,0,0,0,3.63E-05,0,0,3.87E-05,0,0,0,8.44E-05,3.44E-05,0,0,0,0,0,0,0,0,0,0,0,0,0,0,0,0,0,0,0,3.65E-05,0,0,0,0,0,0,0,0,0,0,0,0,0,0,0,0.000117231,4.56E-05,4.02E-05,0,0,0,5.41E-05,0,0,3.22E-05,0,0,0,0,4.77E-05,0,0.000562724,0,0,4.27E-05,0,0,0,0,0,0,0,0,0,0,0,0,0,0,0,0,0,0,0,0
APH(3')-IIIa,Aminoglycoside,0,0,0,0,0,0,0,0,0,0,0,0,0,0,0,0,0,0,0,0,0,0,0,0,0,0,0,0,0,0,0,0,0,0,0,0,0,0,0,0,0,0,0,0,0,0,0,0,0,0,0,0,0,0,0,0,0,0,0,0,0,0,0,0,0,0,0,0,0,0,0,0,0,0,0,0,0,0,0,3.15E-05,0,0,0,0,0,0,0,0,0,0,0,0,0,0,0,0,0,0,0,0.00010838,0,0,0,0,0,0,0,0
APH(6)-Ia,Aminoglycoside,1.84E-05,0,5.55E-05,2.30E-05,0,3.27E-05,0,2.79E-05,7.22E-05,3.74E-05,0,1.58E-05,0,0.000156726,0,2.98E-05,0,0,6.68E-05,9.44E-05,0,3.59E-05,0,0.000199842,2.43E-05,3.58E-05,0,3.34E-05,0,5.22E-05,0,0,2.67E-05,3.49E-05,0,0.000103713,0,2.38E-05,3.83E-05,3.16E-05,0,3.51E-05,0,2.24E-05,2.47E-05,6.56E-05,0,5.31E-05,0,0,0,6.08E-05,3.10E-05,2.84E-05,3.29E-05,0,3.62E-05,3.06E-05,0,0.000106812,0,3.76E-05,0,3.55E-05,0,2.83E-05,0,0,0,0,0.000104315,6.43E-05,0,3.32E-05,0,0,0,6.99E-05,0,5.36E-05,2.84E-05,0.000127604,3.09E-05,0,5.74E-05,0.000106641,2.79E-05,0,7.87E-05,2.99E-05,5.43E-05,0,6.71E-05,0.000117253,3.03E-05,6.33E-05,3.15E-05,0,2.75E-05,0,0.000150048,2.38E-05,5.62E-05,2.45E-05,3.33E-05,7.83E-05,2.05E-05,2.56E-05
APH(6)-Ib,Aminoglycoside,9.41E-05,7.18E-05,1.47E-05,2.35E-05,2.84E-05,3.07E-05,0,0,3.54E-05,7.80E-05,0,1.35E-05,0,0.000140191,3.39E-05,0,0.000141077,3.74E-05,0,4.95E-05,2.14E-05,0.00029677,0,0.000200551,0,3.22E-05,0.000146614,6.68E-05,0,2.72E-05,0,0,0,6.47E-05,0,0.000113627,4.15E-05,2.56E-05,0.000293149,3.36E-05,0,0,3.99E-05,1.95E-05,0,0,3.59E-05,0,4.80E-05,0.000139993,0,0,6.32E-05,6.60E-05,3.29E-05,0,3.55E-05,0,0,4.50E-05,3.31E-05,7.52E-05,3.89E-05,3.63E-05,0,0,7.58E-05,0,6.68E-05,4.02E-05,6.88E-05,0.000131426,0,0,0,2.55E-05,0,0.000137532,0,6.93E-05,5.28E-05,6.24E-05,0,5.79E-05,2.75E-05,0.000156347,0,0,0.000349144,5.93E-05,5.91E-05,0,0,0.00017557,0.000107302,0,9.73E-05,4.43E-05,2.75E-05,2.26E-05,0.000186862,0.000351884,6.18E-05,2.56E-05,0.000161764,4.70E-05,4.81E-05,4.82E-05
APH(6)-Ic,Aminoglycoside,0.000232037,0.00026335,0.0001674,0.000182463,5.95E-05,6.92E-05,3.97E-05,0.000155249,7.10E-05,0.000177325,0.000398101,0.000172238,4.68E-05,0.000231498,0,0.000155792,7.34E-05,0,0.00018942,0.000412645,0.000158378,7.24E-05,0,0.000158671,3.62E-05,0.000298089,0,0.000380937,0,0.000181877,0.000454683,0.00015608,0,0.000233193,4.43E-05,0.000190991,0.000378775,0.000327309,0.000129856,0.000205905,3.93E-05,7.36E-05,0,5.00E-05,7.10E-05,0.000241776,0.000457595,0.000248439,0,0.000187697,0.000131794,0.000255804,0.00018047,0.000146965,0.00011074,0.000209648,0,0.000375341,0.000181882,9.20E-05,0,0.000506708,3.75E-05,8.29E-05,0,0.000109451,4.56E-05,0.000154184,0.000584712,0.000436987,0.000151516,0.000376216,3.78E-05,0,0.000125689,0.000219169,0.000367569,0.000356693,8.23E-05,2.88E-05,0.000122745,0.000317763,0.000265369,0.000223791,3.38E-05,0.000149676,0.000208303,7.75E-05,0.000236507,3.10E-05,6.75E-05,0.000147607,0.000212873,9.69E-05,0.000254619,7.22E-05,0.000229433,0.000201064,0,0.000179645,0,0.000191447,6.49E-05,0.000106642,0.000392627,0.000369674,0.00039377,0.000393943
APH(6)-Id,Aminoglycoside,0,0,0,2.25E-05,5.63E-05,0,0,0.000647848,0,0,0,5.64E-05,8.75E-05,0,0,3.26E-05,0.000158624,0,0,0.001085729,0,0,0,0,0,0,0,0.000473571,0,0.000127925,0,0.001629608,0,0,0,0,0,3.53E-05,0,8.02E-05,0,0,0,5.50E-05,0,0,0,3.12E-05,0,0,0,0,7.33E-05,0,0,0.001100604,0,0,0,0,0,0,0,0,0,0,0,0,0,0,0.000165859,0,0,4.27E-05,0,0,4.50E-05,0,0,0.000142307,9.15E-05,0,0,0.000153456,0,0,0,0,6.18E-05,0,0,0,3.04E-05,3.43E-05,0,0,0,0,0,5.67E-05,2.96E-05,4.22E-05,0,0,0,0,0,0.001496664
bacA,Bacitracin,0.012970716,0.011041675,0.016043891,0.016054181,0.023131881,0.014585818,0.007361755,0.0228658,0.018693173,0.017611201,0.012724294,0.021708562,0.025420275,0.015605857,0.003820718,0.02626665,0.013813271,0.01784614,0.013339826,0.021380858,0.011925225,0.017721997,0.006750285,0.023231964,0.018377465,0.026510502,0.003838502,0.026555734,0.019883988,0.01319621,0.01938364,0.03011607,0.01120992,0.026418754,0.008443485,0.015864262,0.013152802,0.019664521,0.009363331,0.020357653,0.01225061,0.018881129,0.003460422,0.0193167,0.020093822,0.027360458,0.014656325,0.019816188,0.026935183,0.01515737,0.005685249,0.025535833,0.01420406,0.00917304,0.014931255,0.043722551,0.012553776,0.021598311,0.014760703,0.021259263,0.012659033,0.013289564,0.011681322,0.017972361,0.027801565,0.025010113,0.009720869,0.020865465,0.015746353,0.017576257,0.015085772,0.020976804,0.012754585,0.021032183,0.012620339,0.013341177,0.014837001,0.012372578,0.008159072,0.014578815,0.013345555,0.021527995,0.025228306,0.017882823,0.037012679,0.017828906,0.004860501,0.019735172,0.007425401,0.017427101,0.011990535,0.015529802,0.020012415,0.011817741,0.012995168,0.018034135,0.015130628,0.029259393,0.017371724,0.017278979,0.013917491,0.007895881,0.013819783,0.013564442,0.019381408,0.019491261,0.016722327,0.030475598
blaZ,Beta_lactam,0,0,0,0,0,0,0,0,0,0,0,0,0,0,0,0,0,0,0,0,0,0,0,0,0,0,0,0,0,0,0,0,0,0,0,0,0,0,0,0,0,0,0,0,0,0,0,0,0,0,0,0,0,0,0,0,0,0,0,0,0,0,0,0,0,0,0,0,0,0,0,0,0,0,0,0,0,0,0,0,0,0,0,0,0,0,0,0,0,0,0,0,0,0,0,0,0,0,0,0,0,0,0,0,3.77E-05,0,0,0
mecA,Beta_lactam,0,0,0,0,0,0,0,0,0,0,0,0,0,0,0,0,0,0,0,2.31E-05,0,0,0,0,0,0,0,3.18E-05,0,0,0,0,0,0,0,0,0,0,0,0,0,0,0,0,0,0,0,0,0,0,0,0,0,0,0,0,0,0,0,0,0,0,0,0,0,0,0,0,0,0,0,0,0,0,0,0,0,0,0,0,0,0,0,0,0,0,0,0,0,0,0,0,0,0,0,0,0,0,0,0,7.62E-05,0,0,0,0,0,0,4.66E-05
OXA-1,Beta_lactam,0,0,0,0,0,0,0,0,0,0,0,0,0,0,0,0,0,0,0,0,0,0,0,0,0,0,0,0,0,0,0,0.000249545,0,0,0,0,0,0,0,0,0,0,0,0,0,0,0,0,0,0,0,0,0,0,0,0,0,0,0,0,0,0,0,0,0,0,0,0,0,0,0,0,0,0,0,0,0,0,0,0,0,0,0,0,0,0,0,0,0,0,0,0,0,0,0,0,0,0,0,0,0,0,0,0,0,0,0,0.000343361
OXA-10,Beta_lactam,0,0,0,0,0,0,0,0,0,0,0,0,0,0,0,0,0,0,0,0,0,0,0,0,0,0,0,0,0,0,0,0.000129254,0,0,0,0,0,0,0,0,0,0,0,0,0,0,0,0,0,0,0,0,0,0,0,0.000104982,0,0,0,0,0,0,0,0,0,0,0,0,0,0,0,0,0,0,0,0,0,0,0,0,0,0,0,0,0,0,0,0,0,0,0,0,4.20E-05,0,0,0,0,0,0,0,0,0,0,0,0,0,0,6.00E-05
TEM-1,Beta_lactam,0,0,0,0,0,0,0,0,0,0,0,0,0,0,0,3.82E-05,0,0,0,3.05E-05,2.24E-05,0,0,0,0,0,0,0,0,0,0,0,0,0,5.20E-05,0,0,0,0,0,0,0,0,0,0,0,0,0,0,0,4.52E-05,0,0,0,0,0,0,0,0,3.04E-05,0,0,0,0,0,0,0,0,0,0,0,0,0,0,0,0,0,0,0,0,0,0,0,0,0,2.38E-05,0,0,0,0,0,0,0,0,0,0,0,0,0,0,0,0,0,0,0,0,0,0
VIM-1,Beta_lactam,0,0,0,0,0,0,0,2.30E-05,0,0,0,3.03E-05,0,0,0,0,0,0,0,0,0,0,0,0,0,0,0,6.23E-05,0,0,0,2.31E-05,0,0,0,0,0,0,0,0,0,0,0,0,0,0,0,2.36E-05,0,0,0,0,0,0,0,5.76E-05,0,0,0,2.34E-05,0,0,0,0,0,0,0,0,0,0,0,0,0,0,0,0,0,0,0,0,0,0,0,0,0,0,0,0,0,0,0,0,0,0,0,0,0,0,0,0,0,0,0,0,0,0,0,0.000156297
catA4,Chloramphenicol,0,0,0,0,0,0,0,0,0,0,0,0,0,0,0,4.31E-05,0,0,0,0,0,0,0,0,0,0,0,0,0,0,0,0,0,0,0,0,0,0,0,0,0,0,0,0,0,0,0,0,0,0,0,0,0,0,0,0,0,0,0,0,0,0,0,0,0,0,0,0,0,0,0,0,0,0,0,0,0,0,0,0,0,0,0,0,0,0,0,0,0,0,0,0,0,0,0,0,0,0,0,0,0,0,0,0,0,0,0,0
catA8,Chloramphenicol,0,0,0,0,0,0,0,0,0,0,0,0,0,0,0,0,0,0,0,0,0,0,0,0,0,0,0,0,0,0,0,0,0,0,0,0,0,0,0,0,0,0,0,0,0,0,0,0,0,0,0,0,0,0,0,0,0,0,0,0,0,0,0,0,0,0,0,0,0,0,0,0,0,0,0,4.05E-05,0,0,0,0,0,0,0,0,0,0,0,0,0,0,0,0,0,0,0,0,0,0,0,0,0,0,0,0,4.86E-05,0,0,7.17E-05
catB10,Chloramphenicol,5.62E-05,0,0,3.51E-05,0,0,0,4.17E-05,0,0,0,7.16E-05,2.78E-05,0,0,5.20E-05,0.00015388,0.000164019,0,0.000176793,3.92E-05,0,0,4.97E-05,0,0,0,5.09E-05,0,4.06E-05,0,0.000102512,0,0,0,5.35E-05,6.19E-05,8.74E-05,0,0,0,0.0001509,0,0,4.54E-05,5.22E-05,0,0,8.67E-05,4.35E-05,0,0,9.24E-05,0,4.91E-05,0.000313007,0,0,0,4.14E-05,0,5.61E-05,5.45E-05,0,0,0,0,0,0,0,0.000151462,0.000102331,0,0,0,0,5.69E-05,8.29E-05,0,0,4.15E-05,0.000100527,0,0.000196317,0,0,0,5.12E-05,0,8.93E-05,0,0,9.62E-05,0,0,0,5.12E-05,3.64E-05,0,0.000347646,4.00E-05,3.62E-05,0,0,4.97E-05,7.73E-05,0,0.000220916
catB11,Chloramphenicol,2.18E-05,5.83E-05,2.72E-05,0.000176738,0,4.97E-05,0,0.000144506,4.01E-05,5.82E-05,0,7.26E-05,8.72E-05,0.000149243,0,4.56E-05,0.000102587,5.47E-05,0,1.00E-04,0,4.36E-05,0,0.000198911,0,0,0,0.000248386,0,4.06E-05,0,0.000275318,0,0,0,5.46E-05,0,0.000171147,0,0.000197616,0,5.13E-05,0,0,0.000177018,0.000205679,0,4.18E-05,4.29E-05,8.71E-05,0,0,9.24E-05,0.000121531,4.91E-05,0.000159698,4.97E-05,0.000138073,0,0.000124919,0,0.000112252,0,0,0,0,0.000106149,0,9.67E-05,0.000165902,0.000142125,0.000102331,0,0.000144657,0,4.24E-05,5.57E-05,0.000206923,0,3.96E-05,0.000113675,5.18E-05,5.95E-05,9.97E-05,0.000202791,9.78E-05,0.000237791,0,0,0.000150999,0,4.42E-05,9.71E-05,0,0,9.94E-05,0.000150424,3.57E-05,0,0.000345539,0.00016309,0.000142734,0,7.17E-05,4.97E-05,0.000185465,0.000213865,0.000837233
catB2,Chloramphenicol,0,0,0,0.000101607,0,0,0,7.99E-05,4.96E-05,0,0,0.000111967,0,0,0,0.000151715,5.24E-05,0,0,0.000146955,0,0,0,0.000153327,0,0,0,0.000195451,0,0,0,6.81E-05,0,0,0,5.46E-05,5.69E-05,0.000207694,0,4.92E-05,0,0,0,0,4.45E-05,0,0,0,3.94E-05,0,0,0,4.62E-05,9.65E-05,0,4.38E-05,0,0,5.74E-05,8.27E-05,0,5.15E-05,0,0,0,0,5.66E-05,0,0,5.65E-05,0.000100629,5.12E-05,0,0,0,4.15E-05,0,4.19E-05,0,3.88E-05,4.07E-05,0,5.60E-05,0,0.000162575,0,7.98E-05,5.23E-05,0,0.000131342,0,8.01E-05,4.86E-05,0,0,0,0,0.000106966,0,0.000167151,0,6.74E-05,0,7.17E-05,9.85E-05,3.95E-05,3.59E-05,0.000291309
catB3,Chloramphenicol,2.41E-05,0,2.72E-05,3.51E-05,0.00012532,0,0,0.000778635,0,0,0,7.16E-05,2.84E-05,5.15E-05,0,5.09E-05,0.00031524,0,0,0.001568762,0,0,0,5.18E-05,4.59E-05,0,0,0.00025144,0,0,0,0.001417594,0,0,0,0,6.06E-05,0.000219282,0,0.000296926,0,5.24E-05,0,0,0.000415206,5.33E-05,0,0.000211499,8.06E-05,0.00012889,0,0,0,4.92E-05,0,0.000527458,0,0,0,8.36E-05,0.000239992,0,0,5.30E-05,0,0,0,0,4.93E-05,5.88E-05,0.000246903,5.33E-05,0,0.000106873,0,4.24E-05,5.69E-05,4.10E-05,0,0,0,0.0001026,6.07E-05,0,3.76E-05,0,4.07E-05,0,3.76E-05,0,0,0,4.46E-05,0,0,9.74E-05,3.89E-05,0.000251042,0,0.000132035,7.42E-05,0,0,7.63E-05,5.07E-05,7.81E-05,0,0.001877409
catB8,Chloramphenicol,0,0,0,3.51E-05,0,0,0,4.25E-05,0,0,0,0.000306589,3.03E-05,0,0,5.20E-05,0.000105792,0,0,0.001092837,0,0,0,0,4.31E-05,0,0,0.000147606,0,0,0,0.000177932,0,0,0,0,5.94E-05,0.000266526,0,0,0,0,0,9.25E-05,0.000126971,0,0,8.36E-05,0,0.00012889,0,0,0,0,0,0.000405176,0,0,0,4.05E-05,4.94E-05,5.61E-05,5.68E-05,0,5.63E-05,0,0,0,0,0,0,0,0,0,3.21E-05,4.15E-05,0,0,0,3.96E-05,0,0,0,9.87E-05,8.39E-05,6.21E-05,0.000120524,0,0,0,0,0,4.86E-05,0,0,0,5.12E-05,0.000106238,0,0.000139761,0,0,0,3.74E-05,0.000101495,0.000387503,3.52E-05,0.000803534
catB9,Chloramphenicol,0,0,0,0,0,0,0,6.66E-05,4.66E-05,0,0,4.78E-05,2.37E-05,0,0,0,0,0,0,0.000199376,3.86E-05,0,0,0,8.19E-05,0,0,9.21E-05,0,0,0,7.06E-05,0,0,0,0,0,0,0,4.94E-05,0,0,0,0,0,4.93E-05,0,0,4.05E-05,7.88E-05,0,4.57E-05,0,0,0,3.76E-05,0,0,0,0,0,0,0,0,0,0,0,0,0,4.73E-05,4.17E-05,0,4.14E-05,0,0,0,0,0,0,0,0,8.85E-05,0,4.51E-05,0,0,0,0,0,0,0,0,0,0,0,0,4.22E-05,0,0,0.000127022,0,0,0,6.52E-05,0,0,0,3.09E-05
cmlA1,Chloramphenicol,0,0,0,0,0,0,0,0,0,0,0,0,0,0,0,0,0,0,0,0,0,0,0,0,0,0,0,0,0,0,0,0,0,0,0,0,0,0,0,0,0,0,0,0,0,0,0,0,0,0,0,0,0,0,0,0,0,0,0,0,0,0,0,0,0,0,0,0,0,0,0,0,0,0,0,0,0,0,0,0,0,0,0,0,0,0,0,0,0,0,0,0,0,0,0,0,0,0,0,0,0,0,0,0,0,0,0,1.46E-05
cmlA4,Chloramphenicol,0,0,0,0,0,0,0,0,0,0,0,0,0,0,0,0,0,0,0,0,0,0,0,0,0,0,0,0,0,0,0,0,0,0,0,0,0,3.75E-05,0,0,0,0,0,0,0,0,0,0,0,0,0,0,0,0,0,0,0,0,0,0,0,0,0,0,0,0,0,0,0,0,0,0,0,0,0,0,0,0,0,0,0,0,0,0,0,0,0,0,0,0,0,0,0,0,0,0,0,0,0,0,0,0,0,0,0,0,0,0
cmlA5,Chloramphenicol,0,0,0,0,0,0,0,0,0,0,0,3.46E-05,0,0,0,0,0.000231201,0,0,0.000197873,0,0,0,0,0,0,0,0,0,0,0,0,0,0,0,0,0,0.000507654,0,0,0,0,0,0,0,0,0,0,0,0,0,0,0,0,0,0.000285547,0,0,0,0,0,0,0,0,0,0,0,0,0,0,0,0,0,0,0,0,0,0,0,0.000112747,0,0,0,0,0,0,0,0,0,0,0,0,0,0,0,0,0,0,0,3.37E-05,0,0,0,0,0,0,0,0.00039182
cmlA6,Chloramphenicol,0,0,0,0,0,0,0,0,0,0,0,0,0,0,0,0,2.20E-05,0,0,0,0,0,0,0,0,0,0,0,0,0,0,0,0,0,0,0,0,4.38E-05,0,0,0,0,0,0,0,0,0,0,0,0,0,0,0,0,0,0,0,0,0,0,0,0,0,0,0,0,0,0,0,0,0,0,0,0,0,0,0,0,0,0,0,0,0,0,0,0,0,0,0,0,0,0,0,0,0,0,0,0,0,5.21E-05,0,0,0,0,0,0,0,0
cmlA8,Chloramphenicol,0,0,0,0,0,0,0,0,0,0,0,0,0,0,0,0,0,0,0,0,0,0,0,0,0,0,0,0,0,0,0,0,0,0,0,0,0,0,0,0,0,0,0,0,0,0,0,0,0,0,0,0,0,0,0,8.96E-05,0,0,0,0,0,0,0,0,0,0,0,0,0,0,0,0,0,0,0,0,0,0,0,0,0,0,0,0,0,0,0,0,0,0,0,0,0,0,0,0,0,0,0,0,0,0,0,0,0,0,0,1.88E-05
floR,Forfenicol,6.88E-05,0.000115798,2.74E-05,0.000140221,0,0.000197507,2.73E-05,0.001314508,7.84E-05,0.000445236,0,0.000338964,0.000410927,0.000107624,2.09E-05,2.65E-05,0.003916034,2.61E-05,2.70E-05,0.001155117,0,8.54E-05,0,0.000156707,0.000131413,0,0,0.000962515,4.49E-05,6.24E-05,5.17E-05,0.001819334,0,0,0,2.78E-05,6.37E-05,0.000339633,2.79E-05,0.000968812,4.75E-05,0,3.03E-05,3.22E-05,0.000215343,8.20E-05,5.57E-05,0.00051511,0.000110681,0.000201445,0,0.000147372,0.000135802,0.000146399,0.000175511,0.00163603,0,9.60E-05,0,0.000128111,0,0.000289958,0,0.000163693,0,5.27E-05,0,0,0.00012355,0.000199995,0.000102457,0.00041088,0,8.02E-05,8.52E-05,3.92E-05,5.85E-05,0.0001228,2.73E-05,0.000116885,8.19E-05,0.000460052,0.000146034,0.000300958,4.36E-05,3.37E-05,0.000574422,0,5.70E-05,2.28E-05,0,0.000207779,0.000126246,0.000137658,0,7.70E-05,0.000104254,0.000350249,0,0.000834538,0.00014454,9.15E-05,9.20E-05,0.000132496,0.000100239,0.000313008,0.000111548,0.006667287
mdtE,Multidrug,0,0,0,1.07E-05,3.74E-05,0,0,4.99E-05,0,0,0,4.47E-06,5.43E-05,0,7.91E-06,0,2.32E-05,8.55E-06,0,2.13E-05,6.98E-06,8.56E-06,0,7.93E-06,1.76E-05,7.69E-06,0,0.000183681,6.69E-06,0,7.69E-06,0,0,3.90E-05,0,0,0,0,0,1.51E-05,0,7.70E-06,2.16E-05,0,1.41E-05,1.62E-05,0,2.50E-05,1.34E-05,0,0,1.44E-05,0,0,0,1.38E-05,0,2.81E-05,8.79E-06,0.000278996,6.02E-05,0,0,0,0,0,0,0,0,2.65E-05,2.34E-05,0.000124595,0,2.46E-05,6.69E-06,0,0,5.00E-05,0,5.94E-06,1.23E-05,1.38E-05,0,1.51E-05,0.000103802,4.15E-06,1.22E-05,0,3.47E-05,0,0,0,4.49E-05,0,0,3.02E-05,0,0,0,0,2.45E-05,0,0,0,7.46E-06,1.79E-05,0,7.69E-05
mdtL,Multidrug,0,0,0,1.89E-05,2.18E-05,0,0,0,0,0,0,0,4.79E-05,0,0,0,0,2.94E-05,0,0,1.85E-05,3.00E-05,0,0,5.01E-05,2.76E-05,0,0.000705005,0,0,0,0,0,0,0.00010006,0,0,0,0,0,0,0,3.01E-05,0,0,2.87E-05,0,2.27E-05,0,0,0,2.60E-05,0,0,0,4.80E-05,0,0,3.09E-05,0.00032791,8.00E-05,0,0,0,0,0,0,0,0,0,5.46E-05,2.41E-05,2.57E-05,0,0,0,0,0,0,0,0,0,0,0,0,3.48E-05,0,0,0,0,0,0,2.67E-05,0,0,0,0,0,0,0,0,0,0,0,0,2.08E-05,0,0.000194818
mepA,Multidrug,0,0,0,0,0,0,0,0,0,0,0,0,0,0,0,0,0,0,0,0,0,0,0,0,0,0,0,0,0,0,0,0,0,0,0,0,0,0,0,0,0,0,0,0,0,0,0,0,5.76E-05,0,0,0,0,0,0,0,0,0,0,0,0,0,0,0,0,0,0,0,0,0,0.000141703,0,0,0,0,0,0,0,0,0,0,0,0,0,0,0,0,0,0,0,0,0,0,0,0,0,0,0,0,0,0,0,0,0,0,0,0,0
tolC,Multidrug,4.41E-06,2.66E-05,1.71E-05,1.61E-05,8.58E-05,1.36E-05,2.48E-05,0.000175854,1.50E-05,6.67E-05,0,5.75E-05,0.000193176,2.96E-05,0,8.39E-05,3.16E-05,0.000100197,8.00E-06,9.33E-05,5.79E-06,0,7.49E-06,3.19E-05,2.78E-05,2.19E-05,2.22E-05,0.000447878,1.34E-05,1.22E-05,7.57E-06,1.08E-05,2.00E-05,6.83E-05,7.66E-05,8.23E-06,3.56E-05,6.72E-06,8.26E-06,0.000120205,5.31E-05,3.97E-05,6.32E-05,5.24E-06,5.88E-05,0,2.47E-05,9.28E-05,2.63E-05,4.01E-05,9.46E-06,0.000114973,0,3.64E-05,7.55E-06,0.000151502,4.50E-05,0.000141068,8.16E-05,0.000324986,0.000148841,4.34E-05,0,5.63E-05,8.66E-06,1.56E-05,0,1.71E-05,2.25E-05,0.000149212,2.35E-05,0.000123321,2.15E-05,2.46E-05,1.02E-05,7.57E-05,0,6.58E-05,7.20E-05,4.08E-05,8.75E-05,8.99E-05,2.75E-05,5.10E-05,0.000173956,5.00E-05,0,0,1.10E-05,0.000108318,5.69E-06,4.17E-05,5.69E-05,1.37E-05,2.36E-05,1.40E-05,0,2.77E-05,0,5.32E-05,8.08E-05,0,6.81E-06,1.74E-05,6.73E-05,3.46E-05,5.52E-06,0.001035786
norA,Quinolone,0,0,0,0,0,0,0,0,0,0,0,0,0,0,0,0,0,0,0,0,0,0,0,0,0,0,0,0,0,0,0,0,0,0,0,0,0,0,0,0,0,0,0,0,0,0,0,0,0,0,0,0,0,0,0,0,0,0,0,0,0,0,0,0,0,0,0,0,0,0,0,0,0,0,0,0,0,0,0,4.29E-05,0,0,0,0,0,0,0,0,0,0,0,0,0,0,0,0,0,0,0,0,0,0,0,0,0,0,0,0
QnrB1,Quinolone,0,0,0,0,0,0,0,0,0,0,0,0,0,0,0,0,0,0,0,0,0,0,0,0,0,0,0,0,0,0,0,0,0,0,0,0,0,0,0,0,0,0,0,0,0,0,0,0,0,0,0,0,0,0,0,0,0,0,0,0,0,0,0,0,0,0,0,0,0,0,0,0,0,0,0,0,0,0,0,0,0,0,0,0,0.000164574,0,0,0,0,0,0,0,0,0,0,0,0,0,0,0,0,0,0,0,0,0,0,0
QnrB11,Quinolone,0,0,0,0,0,0,0,0,0,0,0,0,0,0,0,0,0,0,0,0,0,0,0,0,0,0,0,0,0,0,0,0,0,0,0,0,0,0,0,0,0,0,0,0,0,0,0,0,0,0,0,0,0,0,0,0,0,0,0,8.16E-05,0,0,0,0,0,0,0,0,0,0,0,0,0,0,0,0,0,0,0,0,0,0,0,0,0,0,0,0,0,0,0,0,0,0,0,0,0,0,0,0,0,0,0,0,0,0,0,0
QnrB2,Quinolone,0,0,0,0,0,0,0,0,0,0,0,0,2.97E-05,0,0,0,0,0,0,0,0,0,0,0,0,0,0,0,0,0,0,0,0,0,0,0,0,0,0,0,0,0,0,0,0,0,0,0,0,0,0,0,0,0,0,0,0,0,0,0,0,0,0,0,0,0,0,0,0,0,0,0,0,0,0,0,0,0,0,0,0,0,0,0,0,0,0,0,0,0,0,0,0,0,0,0,0,0,0,0,0,0,0,0,0,0,0,0
QnrB21,Quinolone,0,0,0,0,4.07E-05,0,0,0,0,0,0,0,0,0,0,0,0,0,0,0,0,0,0,0,0,0,0,0,0,0,0,0,0,0,0,0,0,0,0,0,0,0,0,0,0,0,0,0,0,0,0,0,0,0,0,0,0,0,0,0,0,0,0,0,0,0,0,0,0,0,0,0,0,0,0,0,0,0,0,0,0,0,0,0,0,0,0,0,0,0,0,0,0,0,0,0,0,0,0,0,0,0,0,0,0,0,0,0
QnrB30,Quinolone,0,0,0,0,0,0,0,0,0,0,0,0,0,0,0,0,0,0,0,0,0,0,0,0,0,0,0,0,0,0,0,0,0,0,0,0,0,0,0,0,0,0,0,0,0,0,0,0,0,0,0,0,0,0,0,0,0,0,0,0,0,0,0,0,0,0,0,0,0,0,0,0,0,0,0,0,0,0,0,0,0,0,0,0,4.11E-05,0,0,0,0,0,0,0,0,0,0,0,0,0,0,0,0,0,0,0,0,0,0,0
QnrB31,Quinolone,0,0,0,0,3.78E-05,0,0,0,0,0,0,0,0,0,0,0,0,0,0,0,0,0,0,0,0,0,0,0,0,0,0,0,0,0,0,0,0,0,0,0,0,0,0,0,0,0,0,0,0,0,0,0,0,0,0,0,0,0,0,0,0,0,0,0,0,0,0,0,0,0,0,0,0,0,0,0,0,0,0,0,0,0,0,0,0,0,0,0,0,0,0,0,0,0,0,0,0,0,0,0,0,0,0,0,0,0,0,0
QnrB34,Quinolone,0,0,0,0,0,0,0,0,0,0,0,0,0,0,0,0,0,0,0,0,0,0,0,0,0,0,0,0,0,0,0,0,0,0,0,0,0,0,0,0,0,0,0,0,0,0,0,0,0,0,0,0,0,0,0,0,0,0,0,0,0,0,0,0,0,0,0,0,0,0,0,0,0,0,0,0,0,0,0,0,3.97E-05,0,0,0,0,0,0,0,0,0,0,0,0,0,0,0,0,0,0,0,0,0,0,0,0,0,0,0
QnrB38,Quinolone,0,0,0,0,0,0,0,0,0,0,0,0,0,0,0,0,0,0,0,0,0,0,0,0,0,0,0,0,0,0,0,0,0,0,0,0,0,0,0,0,0,0,0,0,0,0,0,0,0,0,0,0,0,0,0,0,0,0,0,0,0,0,0,0,0,0,0,0,0,0,0,0,0,0,0,0,0,0,0,0,0,0,0,0,0,0,0,0,0,0,0,0,4.77E-05,0,0,0,0,0,0,0,0,0,0,0,0,0,0,0
QnrB54,Quinolone,0,0,0,0,4.07E-05,0,0,0,0,0,0,0,0,0,0,0,0,0,0,0,0,0,0,0,0,0,0,0,0,0,0,0,0,0,0,0,0,0,0,0,0,0,0,0,0,0,0,0,0,0,0,0,0,0,0,0,0,0,0,0,0,0,0,0,0,0,0,0,0,0,0,0,0,0,0,0,0,0,0,0,0,0,0,0,0,0,0,0,0,0,0,0,0,0,0,0,0,0,0,0,0,0,0,0,0,0,0,0
QnrB57,Quinolone,0,0,0,0,0,0,0,0,0,0,0,0,0,0,0,0,0,0,0,0,0,0,0,0,0,0,0,0,0,0,0,0,0,0,0,0,0,0,0,0,0,0,0,0,0,0,0,0,0,0,0,0,0,0,0,0,0,0,0,3.69E-05,0,0,0,0,0,0,0,0,0,0,0,0,0,0,0,0,0,0,0,0,0,0,0,0,0,0,0,0,0,0,0,0,0,0,0,0,0,0,0,0,0,0,0,0,0,0,0,0
QnrS9,Quinolone,0,0,0,0,0,0,0,0,0,0,0,0,0,0,0,0,0,0,0,0,0,0,0,0,0,0,0,0,0,0,0,0,0,0,0,0,0,0,0,0,0,0,0,0,0,0,0,0,0,0,0,0,0,0,0,0,0,0,0,7.97E-05,0,0,0,0,0,0,0,0,0,0,0,0,0,0,0,0,0,0,0,0,0,0,0,0,0,0,0,0,0,0,0,0,0,0,0,0,0,0,0,0,0,0,0,0,0,0,0,0
dfrA1,Trimethoprim,0,0,0,4.69E-05,0,0,0,0,7.06E-05,0,6.25E-05,6.53E-05,0,0,0,0.000135683,0.000140076,0,0,4.89E-05,0,0.000131616,0,0,0.000111467,0,0,0.000127992,0,4.67E-05,0,9.60E-05,0,0,0,0,0,5.84E-05,0,0,0,0,0,4.56E-05,0,0,0,5.59E-05,5.63E-05,0,0,0,0,0,0,0.000584949,0,6.37E-05,0.000209884,0.000169673,0,6.74E-05,0,0,0,0.000136421,0,0,0,0,0,0,0,0,0,0,0,0,0,0,0,0,0,0,0,0,0,0,0,0,0,0,0,0,0,6.65E-05,0,0,0,0,0,0,0,0,0,0,0,0.000337562
dfrA12,Trimethoprim,0,0,0,0,0,0,0,0,0,0,0,0,3.77E-05,0,0,0,5.17E-05,0,0,0,0,0,0,0,0,0,0,6.35E-05,5.45E-05,0,0,4.66E-05,0,0,0,0,0,0,0,0,0,0,0,0,0,0,0,0,5.13E-05,0,0,0,0,0,6.12E-05,0,0,0,0,0,0,0,0,0,0,0,0,0,0,0,0,0,0,0,0,0,0,0,0,5.04E-05,0,0,7.42E-05,0,0,0,0,0,0,0,0,0,0,0,0,0,0,0,0,0,0,0,0,0,0,0,0,0
dfrA14,Trimethoprim,0,0,0,4.84E-05,0,0,0,0,0,0,0,0,0,0,0,0,0,0,0,0.000198783,0,0,0,0,0,0,0,0,0,0,0,0,0,0,0,0,0,0,0,0,0,0,0,0,0,0,0,5.77E-05,0,0,0,0,0,0,0,0,0,0,0,0,0,0,0,0,0,0,0,0,0,0,0,0,0,0,0,0,0,0,0,0,0,0,0,0,0,0,0,0,0,0,0,0,0,0,0,0,0,0,0,0,0,0,0,0,0,0,0,9.98E-05
dfrA15,Trimethoprim,0,0,0,0,0,0,0,0,0,0,0,0,0,0,0,0,0,0,0,0,0,0,0,0,0,0,0,0,0,0,0,0,0,0,0,0,0,0,0,0,0,0,0,0,0,0,0,0,5.86E-05,0,0,0,0,0,0,0.00142769,0,0,0,0,0,0,0,0,0,0,0,0,0,0,0,0,0,0,0,0,0,0,0,0.000101259,0,0,0,0,0,0,0,0,0,0,0,0,0,0,0,6.73E-05,0,0,0,0,0,0,0,0,0,5.28E-05,0,0.000150896
dfrA17,Trimethoprim,0,0,0,0,0,0,0,0,0,0,0,0,0,0,0,0,0,0,0,0,0,0,0,0,0,0,0,6.25E-05,0,0,0,9.79E-05,0,0,0,0,0,0,0,0,0,0,0,0,0,0,0,0,0,0,0,0,0,0,0,0,0,0,0,0,0,0,0,0,0,0,0,0,0,0,0,0,0,0,0,0,0,0,0,0,0,0,0,0,0,0,0.000111048,0,0,0,0,0,0,0,0,0,0,0,0,0,0,0,0,0,0,0,0,0
dfrA5,Trimethoprim,0,0,0,0,0,0,0,0,0,0,0,0,0,0,0,0,0,0,0,0,0,0,0,0,0,0,0,0,0,0,0,0,0,0,0,0,0,0,0,0,0,0,0,0,0,0,0,0,0,0,0,0,0,0,0,0.000513349,0,0,0,0,0,0,0,0,0,0,0,0,0,0,0,0,0,0,0,0,0,0,0,0,0,0,0,6.40E-05,0,0,0,0,0,0,0,0,0,0,0,0,0,0,0,0,0,0,0,0,0,0,0,3.62E-05
dfrB1,Trimethoprim,0,0,0,0,0.000111707,0,0,0,0,0,0,0,0,0,0,0,0,0,0,0,0,0,0,0,0,0,0,0,0,0,0.000113098,0,0,0,0,0.000150075,0,0,0,0,0,0,0,0,0,0,0,0,0,0,0,0,0,0,0.000264355,0,0,0,0,0,0,0,0,0,0,0,0.000155594,0,0,0,0,0,0,0,0,0,0,0,0,0,0,0,0,0,0,0,0,0,0,0.000117871,0,0,0,0,0,0,0,0,0,0,0,0,0,0,0,0,0,0.000100809
vanYA,Vancomycin,2.03E-05,0,0,0,0,0,0,0,0,0,0,0,0,0,0,0,0,0,0,0,0,0,0,0,0,0,0,3.54E-05,0,0,0,0,0,0,0,0,0,3.10E-05,0,0,0,0,0,0,0,0,0,0,0,0,0,0,0,0,0,0,0,0,0,0,0,0,0,0,0,0,8.23E-05,0,0,4.20E-05,3.53E-05,0,0,0,0,2.97E-05,0,0,0,0,0,3.60E-05,0,0,0,0,0,0,0,0,0,0,0,0,0,0,0,0,0,0,0,0,0,0,0,0,0,5.22E-05
SHV-121,Beta_lactam,0,0,0,0,0,0,0,0,0,0,0,0,0,0,0,0,0,0,0,0,0,0,0,0,0,0,0,0,0,0,0,0,0,3.74E-05,0,0,0,0,0,0,0,0,0,0,0,0,0,0,0,0,0,0,0,0,0,0,0,0,0,0,0,0,0,0,0,0,0,0,0,0,0,0,0,0,0,0,0,0,0,0,0,0,0,0,0,0,0,0,0,0,0,0,0,0,0,0,0,0,0,0,0,0,0,0,0,0,0,0
SHV-135,Beta_lactam,0,0,0,0,0,0,0,0,0,0,0,0,0,0,0,0,0,0,3.82E-05,0,0,0,0,0,0,0,0,0,0,0,0,0,0,0,0,0,0,0,0,0,0,0,0,0,0,0,0,0,0,0,0,0,0,0,0,0,0,0,0,0,0,0,0,0,0,0,0,0,0,0,0,0,0,0,0,0,0,0,0,0,0,0,0,0,0,0,0,0,0,0,0,0,0,0,0,0,0,0,0,0,0,0,0,0,0,0,0,0
SHV-137,Beta_lactam,0,0,0,0,0,0,0,0,0,0,0,0,0,0,0,0,0,0,0,0,0,0,0,0,0,0,0,0,0,0,0,0,0,0,0,0,0,0,0,0,0,0,0,0,0,0,0,0,0,0,0,0,0,0,0,0,0,0,0,3.04E-05,0,0,0,0,0,0,0,0,0,0,0,0,0,0,0,0,0,0,0,0,0,0,0,0,0,0,0,0,0,0,0,0,0,0,0,0,0,0,0,0,0,0,0,0,0,0,0,0
SHV-156,Beta_lactam,0,0,0,0,0,0,0,0,0,0,0,0,0,0,0,0,0,0,0,0,0,0,0,0,0,0,0,0,0,0,0,0,0,0,0,0,0,0,0,0,0,7.54E-05,0,0,0,0,0,0,0,0,0,0,0,0,0,0,0,0,0,0,0,0,0,0,0,0,0,0,0,0,0,0,0,0,0,0,0,0,0,0,0,0,0,0,0,0,0,0,0,0,0,0,0,0,0,0,0,0,0,0,0,0,0,0,0,0,0,0
SHV-22,Beta_lactam,0,0,0,2.89E-05,0,0,0,0,0,0,0,0,0,0,0,0,0,0,0,0,0,0,0,0,0,0,0,0,0,0,0,0,0,0,4.84E-05,0,5.00E-05,0,0,0,0,0,0,0,0,0,0,0,0,0,0,0,0,0,0,0,0,0,0,0,0,0,0,0,0,0,0,0,0,0,0,0,0,0,0,0,0,0,0,0,0,0,0,0,0,0,0,0,0,0,0,0,0,0,0,0,0,0,0,0,0,0,0,0,0,0,0,0
SHV-25,Beta_lactam,0,0,0,0,0,0,0,0,0,0,0,0,0,0,0,0,0,0,0,0,0,0,0,0,0,3.84E-05,0,0,0,0,0,0,0,0,0,0,0,0,0,0,0,0,0,0,0,0,0,0,0,0,0,0,0,0,0,0,0,0,0,0,0,0,0,0,0,0,0,0,0,0,0,0,0,0,0,0,0,0,0,0,0,0,0,0,0,0,0,0,0,0,0,0,0,0,0,0,0,0,0,0,0,0,0,0,0,0,0,0
SHV-41,Beta_lactam,0,0,0,0,0,0,0,0,0,0,0,3.32E-05,0,0,0,0,0,0,0,0,0,0,0,0,0,0,0,0,3.14E-05,0,3.69E-05,2.42E-05,0,0,0,0,0,0,0,7.22E-05,0,0,0,0,0,0,0,0,0,0,0,0,0,0,0,0.000131332,0,0,0,0,0,0,0,0,0,0,0,0,0,0,0,0,0,0,0,3.05E-05,0,0,0,2.85E-05,0,0,0,0,3.08E-05,0,0,3.92E-05,0,0,0,0,0,0,0,0,0,0,0,2.32E-05,0,0,0,0,9.69E-05,0,2.42E-05,0
SHV-53,Beta_lactam,0,0,0,0,0,0,0,0,0,0,0,0,0,0,0,0,0,4.74E-05,0,0,0,0,0,0,0,0,0,0,0,0,0,0,0,0,0,0,0,0,0,0,0,0,0,0,0,0,0,0,0,0,0,0,0,0,0,0,0,0,0,0,0,0,0,0,0,0,0,0,0,0,0,0,0,0,0,0,0,0,0,0,0,0,0,0,0,0,0,0,0,0,0,0,0,0,0,0,0,0,0,0,0,0,0,0,0,0,0,0
SHV-9,Beta_lactam,0,0,0,0,0,0,0,0,0,0,0,0,0,0,0,0,0,0,0,0,0,0,0,0,0,0,0,0,0,0,0,0,0,0,0,0,0,0,0,0,0,0,0,0,0,0,0,0,0,0,0,0,0,0,0,0,0,0,0,0,0,0,0,0,0,0,0,0,0,0,3.82E-05,0,0,0,0,0,0,0,3.86E-05,0,0,0,0,0,0,0,0,0,0,0,0,0,0,0,0,0,0,0,0,0,0,0,0,0,0,0,0,0
emrD,Multidrug,0,0,0,1.49E-05,2.21E-05,5.08E-05,0,0.000151316,0,0.000124252,0,0,4.77E-05,0,0,0.000106213,5.64E-05,8.59E-05,0,1.95E-05,0,2.85E-05,0,0,2.50E-05,2.79E-05,0,0.001133741,0,0,0,0,0,0,0,0,0,0,0,0,0,0,6.22E-05,0,0.000148188,8.50E-05,0,0,0,0,0,0,0,0,0,0,0,0,0,0.000519084,0.000157192,0,0,0,0,5.35E-05,0,0,0,3.23E-05,0,0.000351331,0,0,0,0,0,4.42E-05,0,2.07E-05,0,5.36E-05,0,4.99E-05,0.000178963,0,0,0,6.25E-05,0,0,0,5.23E-05,0,0,0.000103876,0,0,0,0,0,0,0,0,0,6.29E-05,0,0.000301473
mdtH,Multidrug,5.93E-05,0,0,0,0.000108372,0,0,0.000130995,0,5.29E-05,0,0,0.000218696,0,0.000107413,0,0,2.82E-05,5.43E-05,3.02E-05,0,0,0,0,4.84E-05,0.000107637,0,0.000853942,0,0,0,0,0,0,6.46E-05,5.77E-05,6.40E-05,0,0,0,0,0,6.09E-05,0,9.63E-05,7.91E-05,2.87E-05,0.00013198,0,0,0,0,0,0,0,0,0,4.89E-05,0.000150481,0.000757212,0.000229631,0,5.27E-05,0,0,5.30E-05,0,0,0,0.000235039,0.000127396,0.000107046,0,0,0,0,2.51E-05,8.63E-05,0,0,0.000172075,5.36E-05,0,5.22E-05,2.19E-05,0.000153563,0,0,0,0,0,4.67E-05,0.000102017,0,0,5.19E-05,0,0,0,1.68E-05,8.26E-05,0,0,0,5.30E-05,8.10E-05,0,0.000383206
mdtM,Multidrug,1.44E-05,0,0,0,0,0,0,4.24E-05,0,0,0,0,0,0,0,0,0,0,0,0,0,0,0,0,0,2.61E-05,0,5.07E-05,0,0,0,0,0,0,3.13E-05,0,0,0,0,0,0,0,0,0,0,0,0,0,0,0,0,0,0,0,0,2.27E-05,0,0,0,0.000124756,0,0.000114737,0,0,0,0,0,0,0,0,0,0,0,0,1.67E-05,0,0,0,0,0,0,0,0,0,0,0,2.03E-05,0,0,0,0,0,0,0,0,0,0,0,0,0,0,0,0,0,0,0,0,9.38E-05
